charging_experience_v1,charging_experience_v2,charging_experience_v4,charging_experience_v5,site_size_v1,site_size_v2,energy_v1,site_size_v3,congestion_v1,site_size_v4,economics_v1,energy_v2,energy_v3,congestion_v2,economics_v2,energy_v4,congestion_v3,congestion_v4,utilization_v1,utilization_v2,utilization_v3,charging_experience_v7,congestion_v5,charging_experience_v6,energy_v5,energy_v6,economics_v3,economics_v4,economics_v5,charging_experience_v8,congestion_v6,charging_experience_v3,site_size_v5
0.31666666666666665,0.06666666666666668,134.16666666666666,25.466666666666665,12.0,120960.0,40480.61300000005,120960.0,153.0,100.0,0.315708,24.192372466054692,26.301846523816423,13.909090909090908,12643.31,0.315712,9.363636363636363,34.72727272727273,1100.0,45.83165233686066,120960.0,56735.1333333333,103.0,47.7,167328.0,40480.613,758.63,1388.8,630.17,46.904045414462054,382.0,67.9,84.0
0.3,0.06666666666666668,128.91666666666666,44.18333333333333,12.0,120960.0,44682.84499999989,120960.0,261.0,100.0,0.315702,26.70374653375407,29.236174388367616,21.219512195121947,14174.92,0.315707,13.983739837398375,29.02439024390244,1230.0,52.41126543209876,120960.0,65666.35,172.0,49.63333333333333,167328.0,44682.84500000001,746.65,1319.95,573.3,54.28765707671958,357.0,69.93333333333334,84.0
0.3333333333333333,0.08333333333333333,125.65,12.7,12.0,120960.0,27765.56500000001,120960.0,78.0,100.0,0.31569899999999995,16.593496007840884,18.321888485842226,9.88593155893536,8854.31,0.315707,11.533586818757925,21.41951837769329,789.0,34.551160163139315,120960.0,42493.74999999997,91.0,50.58333333333334,167328.0,27765.564999999995,461.23,801.56,340.33,35.130415013227484,169.0,71.68333333333334,42.0
0.4,0.11666666666666667,118.23333333333332,10.7,12.0,120960.0,24825.61599999999,120960.0,64.0,100.0,0.315723,14.836498374450185,16.43850657452625,8.827586206896553,2832.02,0.11329000000000003,2.2068965517241383,21.103448275862068,725.0,29.9204833553792,120960.0,36596.31666666666,16.0,48.4,167328.0,24825.616000000005,131.98,248.79,116.81,30.25489142416225,153.0,65.36666666666666,42.0
0.43333333333333335,0.13333333333333333,119.65,13.75,12.0,120960.0,21062.573000000004,120960.0,24.0,100.0,0.310215,12.587596218206155,13.959683755036698,3.75,0.0,0.0,0.15625,13.4375,640.0,25.66889880952382,120960.0,31504.75,1.0,46.66666666666666,167328.0,21062.572999999997,308.97,519.3,210.33,26.04559358465609,86.0,64.08333333333333,56.0
0.43333333333333335,0.13333333333333333,113.93333333333334,16.566666666666666,12.0,120960.0,24506.19,120960.0,42.0,100.0,0.310237,14.64560025817556,18.02437302673737,6.008583690987124,0.0,0.0,1.0014306151645207,17.453505007153076,699.0,28.07924107142858,120960.0,34530.150000000016,7.0,45.61666666666667,167328.0,24506.19,889.13,1204.03,314.9,28.546750992063505,122.0,65.08333333333333,56.0
0.43333333333333335,0.11666666666666667,113.7,18.666666666666668,12.0,120960.0,30850.02400000002,116221.0,96.0,96.08217592592592,0.310221,18.43685695161599,24.405677312032708,10.666666666666666,0.0,0.0,4.0,20.0,900.0,35.72696208112876,120960.0,44127.91666666666,36.0,45.56666666666667,167328.0,30850.024,769.05,954.24,185.19,36.481412588183424,180.0,62.85,56.0
0.4,0.11666666666666667,113.16666666666669,24.43333333333333,12.0,120960.0,36025.805000000015,111790.0,130.0,92.41898148148148,0.31714200000000003,21.530051754637604,28.88139007318601,12.909632571996028,0.0,0.0,8.838133068520358,21.449851042701088,1007.0,40.413580246913575,120960.0,49741.36666666665,89.0,45.3,167328.0,36025.805,417.68,714.52,296.84,41.12216159611992,216.0,63.86666666666667,56.0
0.43333333333333335,0.13333333333333333,120.83333333333331,25.61666666666667,12.0,120960.0,40758.650000000016,120254.0,150.0,99.41633597883595,0.317162,24.3585353318034,32.28926875750034,13.181019332161686,0.0,0.0,14.323374340949035,11.335676625659053,1138.0,46.640569885361536,120960.0,58049.38333333331,163.0,46.7,167328.0,40758.65,516.32,873.78,357.46,47.99056161816576,129.0,66.3,56.0
0.4,0.11666666666666667,117.83333333333331,16.3,12.0,120960.0,43020.41100000003,119529.0,199.0,98.81696428571428,0.31713800000000003,25.710228413654608,34.698717292536536,16.1525974025974,0.0,0.0,18.42532467532468,21.509740259740266,1232.0,49.58362268518521,120960.0,61034.58333333332,227.0,45.53333333333333,167328.0,43020.410999999986,249.58,453.19,203.61,50.458484898589056,265.0,62.98333333333333,56.0
0.4166666666666667,0.11666666666666667,103.91666666666669,14.933333333333335,12.0,120960.0,43684.32499999995,119142.0,232.0,98.4970238095238,0.317196,26.107002414419583,59.41959619538449,17.602427921092566,0.0,0.0,18.96813353566009,26.479514415781487,1318.0,50.567666997354486,120960.0,64755.26666666669,250.0,43.43333333333333,167328.0,43684.325,49.8,67.88,18.08,53.53444664903,349.0,61.9,98.0
0.43333333333333335,0.13333333333333333,108.05,17.0,12.0,120960.0,43490.73000000003,110876.0,231.0,91.66335978835976,0.311625,25.991304503729204,61.78743768341671,17.647058823529417,0.0,0.0,22.230710466004584,26.96715049656226,1309.0,52.613908179012356,120960.0,64904.63333333335,291.0,46.18333333333333,167328.0,43490.73,246.18,283.89,37.71,53.657930996472686,353.0,63.81666666666667,98.0
0.4,0.13333333333333333,110.73333333333332,13.283333333333333,12.0,120960.0,39337.407,110043.0,160.0,90.97470238095238,0.311623,23.509159853700535,61.46712101064136,13.256006628003314,7076.56,0.176143,27.92046396023198,23.77796188898095,1207.0,49.52809468694886,120960.0,61093.2666666667,337.0,46.51666666666666,167328.0,39337.407000000014,457.78,597.07,139.29,50.50699955908292,287.0,66.66666666666667,98.0
0.4,0.11666666666666667,107.65,31.266666666666666,12.0,120960.0,37081.792000000016,109665.0,186.0,90.66220238095238,0.311634,22.16113979728437,60.72617616470332,16.28721541155867,11999.22,0.310226,13.922942206654987,30.122591943957968,1142.0,43.74578373015874,120960.0,54801.65,159.0,44.8,167328.0,37081.792,561.25,646.64,85.39,45.30559689153439,344.0,61.18333333333333,98.0
0.3,0.08333333333333333,110.15,19.95,12.0,120960.0,35256.14499999998,106053.0,169.0,87.67609126984127,0.312845,21.070080918913753,47.15611231353361,15.184186882300091,11544.06,0.310224,10.242587601078169,29.29020664869721,1113.0,41.58001267636684,120960.0,52002.98333333336,114.0,42.7,167328.0,35256.145000000004,144.23,450.81,306.58,42.991884369488574,326.0,60.18333333333333,98.0
0.45,0.03333333333333333,85.78333333333333,0.45,8.0,80640.0,175.2,80640.0,88.0,100.0,0.312822,0.3933189655172414,0.4101627846106777,17.635270541082164,45.46,0.256836,15.230460921843688,46.693386773547104,3.0,0.0,80640.0,0.0,76.0,62.13333333333333,44544.0,175.2,141.71,344.73,203.02,0.0,233.0,85.78333333333333,98.0
0.43333333333333335,0.15,139.93333333333334,45.98333333333333,8.0,80640.0,18832.0,80640.0,106.0,100.0,0.312837,32.21127531472359,37.50833354109786,19.850187265917608,6142.4,0.31714200000000003,21.910112359550567,44.56928838951311,499.0,0.2356977513227513,80640.0,190.56666666666663,117.0,60.56666666666667,58464.0,18832.0,95.42,264.66,169.24,0.23631779100529104,238.0,80.06666666666666,126.0
0.3666666666666665,0.11666666666666667,131.86666666666667,26.016666666666666,8.0,80640.0,20479.1,80640.0,27.0,100.0,0.315698,35.028564586754236,40.68880661303863,7.627118644067798,6842.76,0.317147,8.192090395480227,60.451977401129945,534.0,0.0,80640.0,0.0,29.0,59.76666666666666,58464.0,20479.099999999995,314.12,411.67,97.55,0.0,214.0,81.13333333333334,126.0
0.43333333333333335,0.13333333333333333,142.66666666666666,53.3,8.0,80640.0,12511.90000000001,80640.0,7.0,100.0,0.315718,21.401033114395183,25.41582625164381,2.8112449799196786,4223.34,0.317139,0.4016064257028112,73.49397590361446,354.0,50.06035052910053,60480.0,31287.983333333344,1.0,56.23333333333333,58464.0,12511.9,262.05,340.66,78.61,51.73277667548503,183.0,78.65,126.0
0.3666666666666665,0.13333333333333333,130.13333333333333,19.766666666666666,8.0,80640.0,8485.500000000002,80640.0,8.0,100.0,0.315709,14.514059934318555,17.754984328684326,3.278688524590164,1149.9,0.127145,0.0,56.55737704918032,249.0,54.764274691358025,60480.0,33819.04999999999,0.0,52.68333333333333,58464.0,8485.5,236.46,373.8,137.34,55.917741402116384,138.0,75.53333333333333,126.0
0.4666666666666667,0.15,140.83333333333334,36.63333333333333,8.0,80640.0,8075.599999999998,80640.0,15.0,100.0,0.315806,13.812944718117132,17.13355891764454,5.813953488372092,0.0,0.0,0.7751937984496124,70.54263565891473,244.0,34.764026675484985,60480.0,21652.35,2.0,54.41666666666666,58464.0,8075.599999999998,29.37,29.37,187.2,35.800843253968246,182.0,75.31666666666666,126.0
0.43333333333333335,0.13333333333333333,132.33333333333334,12.083333333333336,8.0,60480.0,9006.027,41562.0,21.0,68.7202380952381,0.315696,15.404397577996711,29.69603396591732,7.394366197183099,0.0,0.0,4.577464788732393,67.6056338028169,258.0,23.15542328042329,60480.0,14246.4,13.0,53.5,58464.0,9006.026999999998,57.78,244.98,85.87,23.555555555555557,192.0,73.38333333333334,126.0
0.3333333333333333,0.13333333333333333,139.51666666666668,24.0,6.0,60480.0,10910.35,43183.0,15.0,71.40046296296295,0.315706,18.66165503557745,46.76374324561282,5.300353356890461,0.0,0.0,2.4734982332155475,60.424028268551254,284.0,22.722911155202823,60480.0,13985.08333333334,7.0,56.0,58464.0,10910.35,171.43,257.3,138.91,23.123484347442695,171.0,73.61666666666666,
0.45,0.13333333333333333,127.71666666666668,21.416666666666668,6.0,60480.0,10126.016000000003,35833.0,23.0,59.247685185185176,0.315716,17.32008757525999,44.570283805602244,6.3888888888888875,0.0,0.0,4.166666666666667,41.944444444444436,283.0,23.708636463844805,60480.0,14526.416666666664,15.0,53.01666666666666,58464.0,10126.016,121.24,260.15,6.0,24.018546075837737,151.0,73.43333333333334,
0.5333333333333333,0.18333333333333326,136.88333333333333,16.6,6.0,60480.0,13028.087,30532.0,28.0,50.48280423280424,0.315806,22.283947386425833,54.881351380833856,7.977207977207978,0.0,0.0,8.547008547008549,32.193732193732195,360.0,27.14963624338624,60480.0,16631.71666666666,30.0,51.58333333333334,58464.0,13028.087,13.58,19.58,104.97,27.499531525573182,113.0,73.73333333333333,
0.5333333333333333,0.18333333333333326,127.51666666666668,23.516666666666666,6.0,60480.0,11977.101000000008,30566.0,41.0,50.539021164021165,0.27410100000000004,20.48628386699507,58.08177752302394,10.049019607843137,0.0,0.0,4.166666666666667,37.5,351.0,25.92620149911818,60480.0,15941.916666666662,17.0,49.83333333333334,58464.0,11977.101,132.95,237.92,133.75,26.358989197530857,153.0,70.53333333333333,
0.6833333333333333,0.18333333333333326,109.23333333333332,29.8,6.0,60480.0,13051.48499999999,30320.0,42.0,50.13227513227513,0.27407,22.323968596059114,70.56193257043898,9.480812641083519,0.0,0.0,10.835214446952596,38.37471783295711,408.0,32.85788690476191,60480.0,20190.649999999994,48.0,46.53333333333333,58464.0,13051.485,132.92,266.67,123.08,33.38401124338623,170.0,64.78333333333333,
0.5333333333333333,0.16666666666666666,107.5,34.05,6.0,60480.0,14726.651000000014,31593.0,47.0,52.23710317460318,0.27410300000000004,25.18926347837986,80.01674387568214,10.70615034168565,0.0,0.0,10.250569476082005,35.07972665148064,443.0,31.065090388007068,60480.0,19145.53333333333,45.0,49.45,58464.0,14726.651000000002,223.66,346.74,44.13,31.655974426807767,154.0,67.68333333333334,
0.6166666666666667,0.18333333333333326,115.53333333333332,23.13333333333333,6.0,60480.0,14428.098000000002,39435.0,39.0,65.20337301587301,0.274069,24.67860221674877,77.63556008691499,9.176470588235292,2891.92,0.184716,9.411764705882351,31.294117647058826,439.0,33.365630511463834,60480.0,20733.38333333333,40.0,49.38333333333333,58464.0,14428.098000000002,42.75,86.88,70.3,34.281387786596106,133.0,66.55,
0.5666666666666667,0.16666666666666666,124.63333333333334,55.38333333333333,6.0,60480.0,14739.944,54028.0,30.0,89.33201058201055,0.269359,25.212000547345372,78.74975207725838,6.8807339449541285,4961.52,0.311634,3.8990825688073394,28.21100917431193,425.0,37.616402116402114,60480.0,23368.95,17.0,49.3,58464.0,14739.944,156.5,226.8,148.66,38.6391369047619,123.0,69.43333333333334,
0.5333333333333333,0.16666666666666666,119.11666666666666,24.86666666666667,6.0,60480.0,15172.470000000007,59861.0,24.0,98.97652116402115,0.269325,25.95181650246305,69.82619600986638,7.594936708860757,5040.25,0.311627,7.9113924050632916,20.88607594936709,436.0,37.748070987654316,60480.0,23465.23333333333,25.0,46.76666666666666,58464.0,15172.469999999996,282.53,431.19,72.18,38.79833553791887,66.0,65.65,
0.3333333333333333,0.1,158.48333333333332,14.55,6.0,60480.0,10849.19999999999,60052.0,11.0,99.29232804232805,0.2693,27.83559113300493,29.18181388294859,3.691275167785234,3410.72,0.312824,7.382550335570468,23.48993288590604,316.0,37.688051146384495,60480.0,23891.45,22.0,49.36666666666667,38976.0,10849.2,154.84,227.02,76.5,39.50305886243385,70.0,69.65,
0.3,0.06666666666666668,118.71666666666668,47.68333333333333,6.0,60480.0,10556.000000000004,59375.0,10.0,98.17294973544972,0.269333,27.08333333333333,28.25473095805652,5.208333333333333,3265.96,0.312831,2.083333333333333,20.83333333333333,298.0,36.15186838624338,60480.0,22471.84999999999,4.0,47.0,38976.0,10556.0,206.3,282.8,59.84,37.155836640211625,40.0,69.7,
0.3333333333333333,0.08333333333333333,136.16666666666666,25.83333333333333,6.0,60480.0,7105.299999999997,59460.0,31.0,98.31349206349206,0.26965100000000003,18.229936371100163,19.40567322569656,12.015503875968992,2283.68,0.312833,7.751937984496124,27.90697674418605,192.0,41.92795138888893,40320.0,17167.083333333332,20.0,49.21666666666667,38976.0,7105.3,202.8,262.64,30.81,42.5770916005291,72.0,70.35,
0.3333333333333333,0.15,121.53333333333332,6.066666666666666,6.0,60480.0,10386.400000000003,59785.0,22.0,98.85085978835976,0.270259,26.648193760262732,28.65164807984973,9.128630705394187,3398.89,0.315706,12.033195020746884,22.406639004149376,258.0,36.71879133597884,40320.0,15316.316666666666,29.0,59.98333333333333,38976.0,10386.4,146.75,177.56,69.19,37.98689649470899,54.0,78.13333333333334,
0.3666666666666665,0.15,138.35,3.733333333333333,6.0,60480.0,9986.499999999996,59516.0,11.0,98.40608465608466,0.27026300000000003,25.622177750410515,15.648116702639772,7.534246575342466,3338.65,0.315712,1.3698630136986298,23.28767123287671,241.0,24.672329695767175,40320.0,10086.933333333334,2.0,63.21666666666667,38976.0,9986.5,95.13,164.32,93.54,25.01719576719577,34.0,86.95,
0.4666666666666667,0.18333333333333326,138.98333333333332,7.683333333333334,6.0,40320.0,5684.299999999997,40320.0,0.0,100.0,0.312814,14.58410303776683,7.339284373105882,0.0,1914.2,0.315718,0.0,15.0,146.0,39.06551752645504,40320.0,15863.983333333332,0.0,64.18333333333334,38976.0,5684.3,155.46,249.0,137.65,39.34519675925926,3.0,85.93333333333334,
0.3,0.06666666666666668,93.0,2.4166666666666665,4.0,40320.0,713.1999999999997,40320.0,12.0,100.0,0.312824,6.404454022988506,3.4661939762848086,4.545454545454546,240.89,0.315714,5.303030303030303,24.24242424242424,20.0,39.390542328042336,40320.0,15979.066666666666,14.0,62.48333333333333,11136.0,713.1999999999997,50.67,188.32,312.19,39.63062169312169,64.0,77.0,
0.3666666666666665,0.1,116.8,122.85,4.0,40320.0,9769.300000000003,40320.0,17.0,100.0,0.31282600000000005,25.06491174055829,26.263934366923472,5.985915492957746,3095.5,0.315706,3.1690140845070425,22.183098591549296,264.0,23.71023478835978,40320.0,9660.749999999996,9.0,51.01666666666666,38976.0,9769.3,306.58,618.77,235.84,23.960193452380942,63.0,72.2,
0.45,0.11666666666666667,119.21666666666668,135.25,4.0,40320.0,10178.2,40320.0,5.0,100.0,0.312807,26.11401888341544,27.585518395957138,2.2522522522522523,3338.28,0.315706,0.4504504504504505,18.918918918918926,284.0,3.061549272486772,40320.0,1240.0500000000004,1.0,50.05,38976.0,10178.2,259.02,494.86,264.97,3.075520833333333,42.0,73.46666666666667,
0.4833333333333333,0.11666666666666667,133.03333333333333,25.16666666666667,4.0,40320.0,7529.600000000001,40320.0,2.0,100.0,0.312848,19.31855500821018,20.775404227296825,1.1173184357541899,2430.03,0.315711,0.5586592178770949,12.849162011173188,222.0,34.860367063492056,40320.0,15004.783333333338,1.0,46.38333333333333,38976.0,7529.6,143.61,408.58,8.13,37.21424437830689,23.0,67.45,
0.6166666666666667,0.11666666666666667,114.46666666666668,97.0,4.0,40320.0,6165.000000000003,40320.0,1.0,100.0,0.312872,15.817426108374386,16.957562535211732,0.6578947368421053,700.27,0.108267,1.973684210526316,7.894736842105262,179.0,37.45295965608466,40320.0,15802.266666666665,3.0,48.21666666666667,38976.0,6165.0,52.88,61.01,341.31,39.19212962962963,12.0,71.33333333333333,
0.31666666666666665,0.1,117.3,43.06666666666667,4.0,19200.0,5335.899999999999,19200.0,0.0,100.0,0.314267,13.690219622331693,14.683847147315548,0.0,0.0,0.0,0.0,10.135135135135137,152.0,27.461516203703702,40320.0,11382.949999999995,0.0,50.16666666666666,38976.0,5335.9000000000015,312.68,653.99,308.92,28.231522817460302,15.0,71.01666666666667,
0.2833333333333333,0.05,115.86666666666666,7.15,4.0,40320.0,5386.6709999999985,40320.0,4.0,100.0,0.314276,13.820481834975364,29.15840628776187,2.0408163265306123,0.0,0.0,3.571428571428572,22.448979591836725,148.0,22.576595568783077,40320.0,9776.600000000004,7.0,49.11666666666667,38976.0,5386.6709999999985,225.35,534.27,170.01,24.247519841269852,44.0,67.61666666666666,
0.4833333333333333,0.08333333333333333,112.7,21.45,4.0,40320.0,7663.121999999998,40320.0,0.0,100.0,0.314238,19.661129926108373,61.58229067885209,0.0,0.0,0.0,0.0,25.53191489361702,196.0,19.394799933862434,40320.0,8032.516666666666,0.0,50.21666666666667,38976.0,7663.1219999999985,151.77,321.78,147.08,19.921916335978835,12.0,68.7,
0.3666666666666665,0.06666666666666668,86.86666666666666,48.9,4.0,40320.0,1779.1950000000006,40320.0,81.0,100.0,0.314198,6.3907866379310345,19.79699414440248,13.989637305699482,0.0,0.0,5.699481865284972,21.070811744386877,47.0,18.732266865079364,40320.0,7623.883333333332,33.0,52.66666666666666,27840.0,1779.195,50.9,50.9,114.7,18.90844080687831,122.0,69.9,
3.1666666666666665,0.16666666666666666,63.96666666666667,67.15,4.0,40320.0,263.442,40320.0,93.0,100.0,0.264049,0.946271551724138,3.8251079476243,14.155251141552515,0.0,0.0,5.6316590563165905,24.96194824961948,7.0,25.726686507936506,40320.0,10581.783333333333,37.0,37.4,27840.0,263.442,380.49,527.57,140.89,26.24450231481481,164.0,50.21666666666667,
0.18333333333333326,0.016666666666666666,59.78333333333333,0.18333333333333326,4.0,40320.0,113.815,40320.0,37.0,100.0,0.264039,0.6813637452107281,2.1841838904193818,6.3573883161512015,0.0,0.0,4.9828178694158085,25.77319587628866,3.0,6.044932208994709,40320.0,2498.8166666666666,29.0,47.26666666666666,16704.0,113.815,81.06,81.06,122.98,6.1974619708994725,150.0,59.78333333333333,
0.11666666666666667,0.016666666666666666,149.13333333333333,103.93333333333334,4.0,40320.0,14944.500000000007,40320.0,4.0,100.0,0.25948000000000004,19.1714131773399,21.195247262582786,1.13314447592068,4144.26,0.274073,1.13314447592068,22.096317280453253,579.0,0.7439649470899472,40320.0,370.83333333333326,4.0,51.03333333333333,77952.0,14944.5,189.41,304.11,199.28,0.9197255291005292,78.0,77.16666666666667,
0.1,0.016666666666666666,136.08333333333334,52.86666666666667,4.0,40320.0,17873.4,40320.0,2.0,100.0,0.259452,22.928725369458128,25.456214789355712,0.9950248756218906,5010.68,0.274077,0.0,8.457711442786069,657.0,0.33713624338624343,40320.0,136.13333333333333,0.0,52.93333333333333,77952.0,17873.4,530.83,671.72,162.34,0.3376322751322751,17.0,79.98333333333333,
0.11666666666666667,0.016666666666666666,148.25,48.53333333333333,4.0,40320.0,16364.299999999996,40320.0,0.0,100.0,0.259463,20.99279043513957,23.632532454528235,0.0,4694.69,0.27407800000000004,0.0,6.2015503875969005,582.0,38.93543320105819,80640.0,33006.96666666667,0.0,55.8,77952.0,16364.3,389.46,512.44,199.19,40.93125826719577,8.0,82.4,
0.16666666666666666,0.016666666666666666,148.25,78.33333333333333,4.0,40320.0,9795.8,40320.0,1.0,100.0,0.25947,12.566451149425287,14.64133171456882,0.5076142131979695,1279.34,0.120978,0.0,10.659898477157359,353.0,45.56376074735451,80640.0,37949.63333333335,0.0,52.7,77952.0,9795.8,432.53,631.81,541.55,47.06055720899472,21.0,83.35,
0.15,0.016666666666666666,128.76666666666668,24.48333333333333,4.0,40320.0,5368.200000000002,40320.0,3.0,100.0,0.259785,6.886545566502464,8.15427376347826,1.4018691588785046,0.0,0.0,0.0,15.88785046728972,201.0,41.38277116402116,80640.0,34604.31666666665,0.0,50.73333333333333,77952.0,5368.200000000002,502.19,664.53,144.13,42.91209904100527,34.0,85.18333333333334,
0.2,0.016666666666666666,129.18333333333334,26.8,4.0,80640.0,3621.717000000001,70512.0,11.0,87.44047619047619,0.26037,4.646086052955664,8.121784668658414,3.678929765886288,0.0,0.0,1.6722408026755853,12.040133779264215,129.0,25.00200479497355,80640.0,21484.949999999993,5.0,51.26666666666666,77952.0,3621.717,545.73,744.92,176.13,26.64304315476189,36.0,71.13333333333334,
0.16666666666666666,0.016666666666666666,141.18333333333334,40.15,4.0,80640.0,5619.563,71212.0,9.0,88.30853174603175,0.260357,7.209004259031199,17.64865048019625,2.950819672131148,0.0,0.0,1.3114754098360657,13.442622950819672,197.0,14.231832837301582,80640.0,11725.033333333333,4.0,50.68333333333333,77952.0,5619.563000000001,377.25,918.8,120.64,14.53997189153439,41.0,77.35,
0.35,0.016666666666666666,134.95,106.36666666666666,4.0,80640.0,6463.385,70214.0,13.0,87.07093253968254,0.258297,8.29149348316913,21.059265681809663,3.672316384180791,0.0,0.0,0.5649717514124294,13.559322033898303,214.0,8.657159391534393,80640.0,7126.283333333337,2.0,50.65,77952.0,6463.385,127.34,271.47,387.11,8.837156911375668,48.0,73.78333333333333,
0.2833333333333333,0.016666666666666666,153.9,67.76666666666667,4.0,80640.0,9280.546999999997,68053.0,25.0,84.39112103174604,0.258287,11.905463618637107,27.449595659037207,5.707762557077626,0.0,0.0,2.054794520547945,13.013698630136984,299.0,13.359375000000005,80640.0,12425.250000000005,9.0,59.45,77952.0,9280.547,217.5,393.63,425.4,15.408296130952387,57.0,82.6,
0.3,0.016666666666666666,139.8,74.18333333333334,4.0,80640.0,9898.353000000003,64485.0,24.0,79.96651785714286,0.258312,12.69801031403941,24.0425999299538,5.206073752711497,0.0,0.0,3.0368763557483733,16.919739696312366,305.0,14.471602182539682,80640.0,12354.933333333332,14.0,60.58333333333334,77952.0,9898.353,121.14,241.78,277.69,15.321097883597885,78.0,86.25,
0.3,0.016666666666666666,142.96666666666667,35.13333333333333,4.0,80640.0,10177.06,63372.0,25.0,78.58630952380952,0.258327,13.055547003284069,39.53032791068358,5.3418803418803416,0.0,0.0,1.0683760683760684,18.16239316239316,354.0,22.96027612433861,80640.0,19169.2,5.0,54.9,77952.0,10177.059999999998,71.04,71.04,34.13,23.771329365079364,85.0,80.45,
0.21666666666666667,0.016666666666666666,133.8,160.83333333333334,8.0,80640.0,13002.352000000004,63835.0,28.0,79.16046626984127,0.29417,16.679946633825946,53.49826033647343,5.857740585774058,0.0,0.0,0.6276150627615062,11.506276150627615,438.0,23.58881035052909,80640.0,20044.016666666666,3.0,51.6,77952.0,13002.352,383.91,771.02,112.17,24.85617146164021,55.0,77.15,
0.2,0.016666666666666666,134.45,44.66666666666666,8.0,80640.0,12423.453999999992,64840.0,13.0,80.40674603174604,0.294185,15.937312705254516,53.21484354293665,2.6262626262626263,2135.62,0.16306199999999998,1.4141414141414141,2.4242424242424243,461.0,25.494522982804238,80640.0,21122.350000000006,7.0,55.31666666666667,77952.0,12423.454000000002,480.1,905.5,235.55,26.19339037698413,12.0,80.45,
0.21666666666666667,0.016666666666666666,132.53333333333333,54.53333333333333,8.0,80640.0,12579.827,72623.0,18.0,90.05828373015873,0.294163,16.137914357553367,53.34375136945869,3.6437246963562764,3511.84,0.269334,0.0,8.704453441295547,468.0,30.14814814814814,80640.0,26001.216666666685,0.0,51.93333333333333,77952.0,12579.827,330.05,607.74,197.73,32.243572255291035,43.0,76.06666666666666,
0.1,0.016666666666666666,122.83333333333331,18.383333333333333,8.0,80640.0,12117.08100000001,80640.0,26.0,100.0,0.294237,15.544284944581282,41.41289510928817,5.220883534136545,3337.83,0.269332,1.4056224899598393,10.843373493975903,478.0,32.66834077380951,80640.0,27578.89999999999,7.0,46.81666666666667,77952.0,12117.081000000002,52.67,86.8,114.47,34.20002480158728,54.0,70.88333333333334,
0.13333333333333333,0.016666666666666666,135.21666666666667,76.7,8.0,80640.0,12543.020999999993,80640.0,31.0,100.0,0.25379,16.090698121921182,17.327685858311078,6.70995670995671,3468.97,0.26933,3.2467532467532467,13.636363636363635,495.0,32.7349537037037,80640.0,27357.58333333333,15.0,46.56666666666667,77952.0,12543.021,199.23,311.4,151.46,33.925574570105816,63.0,70.31666666666666,
0.11666666666666667,0.016666666666666666,117.15,79.5,8.0,80640.0,13010.412999999995,80562.0,3.0,99.9032738095238,0.253812,16.690287612889982,8.741680839526401,1.5957446808510638,3370.64,0.26973800000000003,0.5319148936170213,9.574468085106382,494.0,29.986028439153447,80640.0,24428.53333333333,1.0,44.93333333333333,77952.0,13010.413,546.7,782.25,267.2,30.293320105820108,18.0,67.43333333333334,
0.13333333333333333,0.016666666666666666,111.33333333333331,20.916666666666668,8.0,80640.0,13017.19899999999,79657.0,18.0,98.781001984127,0.253813,16.698992970032844,2.640287759101981,8.372093023255816,3691.79,0.27026300000000003,0.4651162790697674,6.046511627906978,498.0,31.22048611111112,80640.0,26400.75,1.0,43.21666666666667,77952.0,13017.199,449.24,646.97,348.64,32.73902529761905,13.0,64.01666666666667,
0.11666666666666667,0.016666666666666666,125.45,6.916666666666668,8.0,80640.0,11329.551999999992,68888.0,92.0,85.42658730158729,0.253819,14.53401067323481,12.299240185809795,15.944540727902947,3139.49,0.270273,9.532062391681107,41.59445407279029,462.0,29.548383763227505,80640.0,25014.73333333333,55.0,47.46666666666667,77952.0,11329.552,475.66,590.13,13.43,31.020254629629626,240.0,68.13333333333334,
0.3333333333333333,0.016666666666666666,136.05,105.76666666666668,8.0,80640.0,6744.699999999999,67376.0,94.0,83.55158730158729,0.254078,11.536501094690747,13.838347409435894,16.291161178509533,2137.84,0.312824,12.824956672443676,42.98093587521664,188.0,28.75648974867725,80640.0,23607.99999999999,74.0,48.28333333333333,58464.0,6744.7,363.81,515.27,15.76,29.27579365079364,248.0,71.93333333333334,
0.21666666666666667,0.016666666666666666,151.23333333333332,100.41666666666669,8.0,80640.0,7646.000000000003,77743.0,43.0,96.40749007936508,0.254715,13.078133552271485,37.595072686175534,12.536443148688047,2395.1,0.31284,8.454810495626823,46.06413994169096,215.0,28.26052000661376,80640.0,22983.7,29.0,52.93333333333333,58464.0,7646.000000000001,411.87,679.07,7.75,28.501612103174605,158.0,77.15,
0.3,0.08333333333333333,155.8,43.25,8.0,80640.0,20097.9,79090.0,27.0,98.077876984127,0.254689,34.376539408867,37.097167040953416,12.442396313364055,6204.99,0.31283,1.3824884792626728,47.92626728110599,577.0,16.091655643738985,60480.0,10218.783333333333,3.0,50.88333333333333,58464.0,20097.9,408.04,756.68,21.18,16.896136463844798,104.0,73.33333333333333,
0.2833333333333333,0.08333333333333333,155.63333333333333,31.73333333333333,8.0,80640.0,19817.3,72870.0,15.0,90.36458333333331,0.258269,33.89658593322386,21.57972337027705,8.379888268156424,6296.03,0.312831,0.0,35.754189944134076,577.0,20.02830136684304,60480.0,13005.783333333335,0.0,51.88333333333333,58464.0,19817.3,12.66,13.43,8.01,21.504271384479733,64.0,81.03333333333333,
0.35,0.08333333333333333,129.95,14.366666666666667,8.0,80640.0,11194.800000000005,66732.0,18.0,82.75297619047619,0.258364,19.14819376026273,13.234486244282172,13.846153846153848,3568.72,0.31282600000000005,4.615384615384615,49.23076923076921,343.0,50.6455577601411,60480.0,31824.48333333332,6.0,52.3,58464.0,11194.8,43.65,28.42,,52.61984678130509,64.0,80.56666666666666,
0.3333333333333333,0.11666666666666667,141.55,23.45,8.0,60480.0,6817.499999999999,60480.0,30.0,100.0,0.258291,11.661022167487685,11.205614097404666,13.100436681222705,706.07,0.1012,5.240174672489083,55.021834061135365,217.0,53.28381283068785,60480.0,32861.03333333332,12.0,47.23333333333333,58464.0,6817.5,19.63,51.4,,54.33371913580244,126.0,65.6,
0.45,0.1,173.46666666666667,6.5,8.0,60480.0,5590.399999999999,60480.0,42.0,100.0,0.258291,9.562123700054736,14.160491928215034,13.81578947368421,0.0,0.0,6.907894736842105,39.14473684210526,179.0,31.07958553791889,60480.0,19143.016666666666,21.0,47.2,58464.0,5590.4,15.49,40.81,,31.651813271604944,119.0,68.85,
0.3333333333333333,0.11666666666666667,191.11666666666667,2.0,8.0,60480.0,4892.402000000001,42813.0,46.0,70.78869047619048,0.258242,8.368230021893815,35.91799699398985,11.138014527845037,0.0,0.0,0.4842615012106538,30.50847457627119,130.0,17.33399470899471,60480.0,10670.35,2.0,56.78333333333333,58464.0,4892.402,,23.5,,17.64277447089947,126.0,82.13333333333334,
0.45,0.13333333333333333,123.78333333333332,22.55,8.0,60480.0,8764.648000000003,43797.0,50.0,72.41567460317461,,14.991529830322936,51.97660738787418,10.822510822510825,0.0,0.0,9.090909090909092,33.11688311688312,229.0,14.552772266313932,60480.0,8891.233333333337,42.0,54.03333333333333,58464.0,8764.648000000001,,,,14.701113315696654,153.0,78.16666666666667,
0.38333333333333336,0.1,124.6,21.55,8.0,60480.0,12492.846000000005,36604.0,52.0,60.52248677248677,,21.368442118226604,65.02260370649036,11.158798283261802,0.0,0.0,10.085836909871244,26.60944206008584,304.0,12.743276014109346,60480.0,7741.0333333333365,47.0,53.81666666666667,58464.0,12492.846000000001,,,,12.79932760141094,124.0,78.06666666666666,
0.45,0.11666666666666667,117.13333333333334,38.91666666666666,8.0,60480.0,15762.830999999987,31539.0,73.0,52.14781746031746,,26.96160201149425,85.81268494410695,14.011516314779275,0.0,0.0,14.587332053742802,28.598848368522074,413.0,21.51083002645502,60480.0,13560.41666666666,76.0,49.08333333333334,58464.0,15762.831,,,,22.42132385361551,149.0,67.43333333333334,
0.45,0.11666666666666667,132.5,33.25,6.0,60480.0,18256.327000000005,29171.0,63.0,48.23247354497354,,31.226612958401752,99.45991475994724,13.404255319148936,0.0,0.0,21.489361702127663,36.38297872340426,462.0,28.817625661375665,60480.0,17865.816666666673,101.0,52.26666666666666,58464.0,18256.327,,,,29.540040784832463,171.0,70.21666666666667,
0.5666666666666667,0.11666666666666667,135.4,71.15,6.0,60480.0,18018.51799999999,27625.0,57.0,45.67625661375661,,30.819851532567053,108.31017910401249,11.949685534591195,0.0,0.0,17.40041928721174,45.283018867924525,466.0,33.45430996472661,60480.0,20722.116666666654,83.0,52.05,58464.0,18018.518000000004,,,,34.262759038800695,216.0,68.56666666666666,
0.35,0.11666666666666667,112.28333333333332,37.5,6.0,60480.0,19404.727000000006,26975.0,33.0,44.601521164021165,,33.19089867268747,34.992669490313446,11.956521739130435,0.0,0.0,8.333333333333334,43.84057971014493,521.0,40.599564594356266,60480.0,28471.999999999985,23.0,49.4,58464.0,19404.727,,,,47.07671957671956,121.0,68.56666666666666,
0.5333333333333333,0.11666666666666667,149.25,54.76666666666666,6.0,60480.0,17635.900000000012,39030.0,9.0,64.53373015873018,,30.165400930487127,35.422681769246005,5.487804878048781,5685.41,0.314267,0.0,37.195121951219505,470.0,41.104717813051145,60480.0,25879.21666666667,0.0,63.31666666666667,58464.0,17635.899999999998,,,,42.78971009700176,61.0,87.51666666666668,
0.4166666666666667,0.11666666666666667,168.4,80.36666666666666,6.0,60480.0,17777.299999999992,60480.0,2.0,100.0,,30.40725916803503,18.68522597190333,1.4492753623188406,5873.39,0.31427,0.0,27.53623188405797,477.0,44.246252204585524,60480.0,27537.45,0.0,62.23333333333333,58464.0,17777.3,,,,45.53149801587302,38.0,87.31666666666666,
0.5333333333333333,0.13333333333333333,165.75,82.56666666666666,6.0,60480.0,9859.399999999998,60248.0,7.0,99.61640211640213,,16.864053092501372,10.30825515111865,4.142011834319527,3251.13,0.314271,1.7751479289940828,46.74556213017754,276.0,50.63643628747796,60480.0,31762.516666666652,3.0,56.03333333333333,58464.0,9859.4,,,,52.51738866843031,79.0,78.71666666666667,
0.5333333333333333,0.13333333333333333,103.23333333333332,28.53333333333333,6.0,60480.0,5445.5999999999985,60480.0,9.0,100.0,,9.314449917898195,11.524605548894373,4.568527918781727,781.59,0.13633199999999998,2.538071065989848,61.421319796954315,164.0,51.40095899470899,60480.0,32099.916666666675,5.0,51.53333333333333,58464.0,5445.6,,,,53.075259038800716,121.0,71.28333333333333,
0.4666666666666667,0.11666666666666667,142.31666666666666,32.13333333333333,6.0,60480.0,4841.515999999998,59363.0,21.0,98.15310846560848,,8.281191844553915,22.002325864465565,10.24390243902439,0.0,0.0,0.975609756097561,40.487804878048784,138.0,27.332203483245163,60480.0,17454.533333333336,2.0,52.58333333333334,58464.0,4841.516000000001,,,,28.860008818342166,83.0,71.96666666666667,
0.45,0.13333333333333333,137.08333333333334,17.983333333333334,6.0,60480.0,5780.799000000003,53645.0,4.0,88.69874338624341,,9.887792487684733,30.40377335194437,1.3157894736842106,0.0,0.0,0.0,17.434210526315788,169.0,14.810378086419757,60480.0,9199.866666666667,0.0,53.1,58464.0,5780.799,,,,15.211419753086426,53.0,72.26666666666667,
0.5666666666666667,0.13333333333333333,141.4,61.18333333333333,6.0,60480.0,6797.783000000002,50269.0,0.0,83.11673280423281,,11.627297140120412,33.42375970307209,0.0,0.0,0.0,0.0,5.3475935828877015,197.0,12.733603395061724,60480.0,7893.1333333333305,0.0,55.58333333333334,58464.0,6797.7829999999985,,,,13.050815696649025,10.0,74.53333333333333,
0.45,0.13333333333333333,145.28333333333333,95.5,6.0,60480.0,7792.172999999998,46117.0,0.0,76.25165343915343,,13.32815578817734,13.809009201907495,0.0,0.0,0.0,0.0,2.0,205.0,15.495866402116404,60480.0,9648.433333333336,0.0,57.11666666666667,58464.0,7792.1730000000025,,,,15.953097442680779,4.0,78.05,
0.5166666666666667,0.11666666666666667,105.18333333333334,92.51666666666668,6.0,60480.0,11406.4,42673.0,1.0,70.557208994709,,11.706075533661739,8.890255374498865,0.33783783783783783,3065.7,0.264034,0.0,0.33783783783783783,304.0,18.489059744268086,60480.0,11611.949999999995,0.0,43.43333333333333,97440.0,11406.4,,,,19.199652777777775,1.0,61.21666666666667,
0.26666666666666666,0.11666666666666667,97.43333333333334,8.533333333333333,6.0,60480.0,7335.499999999997,42603.0,4.0,70.44146825396825,,7.528222495894911,9.636860609028284,1.020408163265306,649.52,0.088878,0.0,19.897959183673468,187.0,20.644042107583765,60480.0,13041.033333333333,0.0,46.88333333333333,97440.0,7335.500000000001,,,,21.562555114638442,78.0,65.81666666666666,
0.4666666666666667,0.15,101.4,7.416666666666668,6.0,60480.0,7759.199999999999,43488.0,3.0,71.90476190476191,,7.963054187192119,11.730748974981196,0.646551724137931,0.0,0.0,0.0,1.293103448275862,200.0,9.740020313681024,141120.0,14972.950000000004,0.0,43.16666666666666,97440.0,7759.200000000003,,,,10.610083616780047,6.0,60.01666666666666,
0.4166666666666667,0.13333333333333333,107.38333333333334,7.05,6.0,60480.0,8371.818999999998,31577.0,1.0,52.210648148148145,,8.591768267651888,18.520870397100165,0.22271714922049,0.0,0.0,0.0,4.23162583518931,200.0,6.4459089191232035,141120.0,9163.083333333332,0.0,43.06666666666667,97440.0,8371.819,,,,6.493114606953893,19.0,61.26666666666666,
0.4166666666666667,0.13333333333333333,133.76666666666668,8.166666666666666,6.0,60480.0,12180.814999999982,42078.0,4.0,69.57341269841271,,12.500836412151067,24.22036037851255,0.8113590263691683,0.0,0.0,0.0,5.679513184584177,296.0,6.347139550264548,141120.0,9069.400000000003,0.0,44.66666666666666,97440.0,12180.815,,,,6.426729024943314,28.0,60.88333333333333,
0.4166666666666667,0.11666666666666667,113.48333333333332,8.616666666666667,6.0,141120.0,15479.805999999993,109240.0,13.0,77.4092970521542,,15.886500410509033,31.660379113024053,2.5193798449612403,0.0,0.0,0.1937984496124031,9.496124031007753,392.0,6.556453136810279,141120.0,9346.733333333335,1.0,42.56666666666667,97440.0,15479.806,,,,6.623252078609222,49.0,59.73333333333333,
0.4166666666666667,0.13333333333333333,123.28333333333332,8.783333333333333,6.0,141120.0,18942.967000000026,107577.0,25.0,76.23086734693878,,19.440647577996714,37.195959244159475,4.990019960079841,0.0,0.0,1.3972055888223551,10.57884231536926,464.0,9.877161281179133,141120.0,14528.099999999995,7.0,43.41666666666666,97440.0,18942.967,,,,10.29485544217687,53.0,65.0,
0.4833333333333333,0.11666666666666667,118.11666666666666,31.2,6.0,141120.0,18147.89100000001,109980.0,7.0,77.93367346938777,,18.6246828817734,56.7815491788131,1.5730337078651686,0.0,0.0,0.6741573033707865,10.112359550561797,449.0,12.420091647770214,141120.0,17725.98333333333,3.0,44.7,97440.0,18147.891,,,,12.56092923280423,45.0,63.6,
0.4833333333333333,0.11666666666666667,125.61666666666666,34.13333333333333,6.0,141120.0,18700.191000000013,112016.0,8.0,79.37641723356009,,19.191493226600986,58.657794437684686,1.909307875894988,0.0,0.0,0.0,11.217183770883057,493.0,15.363024376417235,141120.0,21988.2,0.0,43.26666666666666,97440.0,18700.190999999995,,,,15.581207482993195,47.0,63.33333333333334,
0.4833333333333333,0.11666666666666667,111.66666666666669,105.38333333333334,6.0,141120.0,18514.124,114641.0,3.0,81.23653628117914,,19.00053776683087,60.60665714087044,0.6993006993006993,0.0,0.0,0.0,6.759906759906759,516.0,15.050134637188206,141120.0,22417.73333333333,0.0,42.016666666666666,97440.0,18514.124,,,,15.885582010582011,29.0,60.36666666666667,
0.43333333333333335,0.1,121.51666666666668,28.43333333333333,6.0,141120.0,17592.438000000016,116819.0,10.0,82.7799036281179,,18.054636699507387,57.23371768074261,2.217294900221729,2679.51,0.137397,0.22172949002217296,20.842572062084265,501.0,15.776549508692367,141120.0,23008.516666666652,1.0,43.3,97440.0,17592.438000000002,,,,16.304220993953127,94.0,63.15,
0.5166666666666667,0.1,112.6,51.7,6.0,141120.0,16261.163000000002,141120.0,7.0,100.0,,16.688385673234812,35.919750375782186,1.3565891472868217,4676.72,0.259457,1.3565891472868217,34.496124031007746,445.0,15.72102938397581,141120.0,24024.08333333333,7.0,43.33333333333334,97440.0,16261.163,,,,17.02386857520786,178.0,61.96666666666667,
0.4,0.08333333333333333,109.91666666666669,27.48333333333333,6.0,141120.0,14994.764999999996,141049.0,8.0,99.94968820861679,,10.99194009500352,13.015815696625388,1.32890365448505,4419.63,0.259459,0.16611295681063126,19.601328903654483,419.0,16.11481953892668,141120.0,23858.73333333334,1.0,42.31666666666667,136416.0,14994.765000000005,,,,16.906698790627367,118.0,63.28333333333333,
0.4,0.1,111.7,28.25,6.0,141120.0,15928.132000000007,138587.0,0.0,98.20507369614513,,11.676146493079992,11.437522573816919,0.0,4372.77,0.259465,0.0,2.272727272727273,429.0,14.153356481481485,141120.0,21093.783333333333,0.0,43.41666666666666,136416.0,15928.132,,,,14.947408824640968,5.0,61.75,
0.5333333333333333,0.1,113.9,26.78333333333333,14.0,141120.0,16806.997000000007,137527.0,1.0,97.45393990929705,,12.320400099695053,8.218562203222346,0.4081632653061225,4555.49,0.259705,0.0,1.6326530612244898,451.0,12.851237717309134,141120.0,18853.683333333334,0.0,44.88333333333333,136416.0,16806.997,,,,13.360036375661375,4.0,60.13333333333333,
0.4166666666666667,0.11666666666666667,113.45,77.66666666666667,14.0,141120.0,19747.345999999994,137531.0,1.0,97.45677437641724,,14.47582834858081,10.174497443227613,0.5988023952095808,5420.62,0.260356,0.0,5.389221556886229,516.0,13.891534391534385,141120.0,20812.26666666666,0.0,44.35,136416.0,19747.346,,,,14.747921390778528,9.0,62.46666666666667,
0.3666666666666665,0.1,122.63333333333334,20.383333333333333,14.0,141120.0,22655.70999999997,133395.0,1.0,94.52593537414964,,16.607809934318553,11.032199300445464,0.6666666666666666,6149.6,0.260356,0.0,1.3333333333333333,602.0,14.508916761148903,141120.0,21006.866666666683,0.0,42.583333333333336,136416.0,22655.71,,,,14.885818216175366,2.0,59.6,
0.4666666666666667,0.1,130.1,24.28333333333333,14.0,141120.0,9398.399999999998,128551.0,1.0,91.09339569160996,,9.645320197044336,7.406328251235268,0.4901960784313725,2470.18,0.258306,0.0,1.96078431372549,220.0,16.677414021164015,141120.0,25831.69999999999,0.0,47.48333333333333,97440.0,9398.4,,,,18.3047760770975,4.0,62.6,
0.35,0.08333333333333333,102.31666666666666,47.98333333333333,14.0,141120.0,10271.8,129955.0,88.0,92.08829365079364,,10.541666666666666,5.993417440881236,15.602836879432626,2649.89,0.258299,10.638297872340424,32.4468085106383,245.0,18.86474867724868,141120.0,27299.383333333346,60.0,47.36666666666667,97440.0,10271.8,,,,19.344801114890405,183.0,64.85,
0.4,0.11666666666666667,132.61666666666667,18.683333333333334,14.0,141120.0,6786.2000000000035,121884.0,112.0,86.36904761904762,,6.964490968801316,4.128294189335038,20.85661080074488,1803.48,0.258304,12.290502793296087,30.54003724394785,167.0,10.929761904761904,100800.0,11245.933333333334,66.0,44.18333333333333,97440.0,6786.200000000003,,,,11.156679894179897,164.0,65.41666666666667,
0.43333333333333335,0.11666666666666667,123.38333333333334,14.966666666666667,14.0,141120.0,5443.399999999997,117403.0,51.0,83.1937358276644,,5.586412151067323,5.838231004704412,13.315926892950392,554.59,0.09884,6.527415143603133,33.420365535248045,150.0,11.879960317460313,100800.0,12320.16666666667,25.0,42.55,97440.0,5443.4000000000015,,,,12.222387566137572,128.0,55.28333333333333,
0.85,0.13333333333333333,112.53333333333332,27.58333333333333,14.0,141120.0,3808.299999999999,130518.0,7.0,92.4872448979592,,3.908353858784893,15.214741089978464,2.734375,0.0,0.0,0.0,29.6875,96.0,8.237533068783067,100800.0,8460.116666666674,0.0,45.28333333333333,97440.0,3808.3,,,,8.392972883597892,76.0,59.83333333333334,
0.3666666666666665,0.11666666666666667,92.3,4.016666666666667,14.0,100800.0,4251.132000000001,100800.0,2.0,100.0,,4.362820197044335,38.118815288617036,0.9302325581395348,0.0,0.0,0.9302325581395348,13.023255813953488,114.0,6.7630952380952385,100800.0,6909.383333333332,2.0,40.31666666666667,97440.0,4251.132000000001,,,,6.854546957671957,28.0,55.58333333333334,
0.5333333333333333,0.15,111.53333333333332,15.433333333333335,14.0,100800.0,8212.871,100800.0,5.0,100.0,,8.428644293924467,39.59827744928076,2.109704641350211,0.0,0.0,0.4219409282700422,31.645569620253173,204.0,4.529447751322751,100800.0,4664.583333333335,1.0,43.4,97440.0,8212.871000000001,,,,4.6275628306878325,75.0,56.65,
0.3,0.06666666666666668,130.16666666666666,59.25,14.0,100800.0,21167.199999999993,83793.0,19.0,83.12797619047619,,36.20552818828681,26.034316423578964,6.375838926174498,6239.64,0.29417,0.0,36.577181208053695,564.0,4.928158068783069,100800.0,5004.183333333332,0.0,48.41666666666666,58464.0,21167.2,,,,4.964467592592591,109.0,68.0,
0.31666666666666665,0.06666666666666668,119.36666666666666,56.76666666666666,14.0,100800.0,21715.2,81791.0,30.0,81.14186507936508,,37.142857142857146,15.499888631932333,7.5,6588.43,0.294166,4.5,26.5,537.0,9.272734788359788,100800.0,9533.166666666666,18.0,53.73333333333333,58464.0,21715.200000000004,,,,9.457506613756614,106.0,73.65,
0.25,0.06666666666666668,139.2,19.633333333333333,14.0,100800.0,14367.400000000005,82451.0,26.0,81.79662698412699,,24.574781061850015,12.811515524770968,5.8690744920993225,4300.2,0.294172,3.8374717832957113,23.25056433408578,383.0,45.37083884479719,60480.0,28639.4,17.0,50.41666666666666,58464.0,14367.399999999998,,,,47.35350529100528,103.0,68.25,
0.35,0.1,119.11666666666666,36.13333333333333,14.0,100800.0,8491.500000000004,82738.0,72.0,82.0813492063492,,14.52432266009852,25.192888331977873,13.953488372093025,945.8,0.108438,10.271317829457363,25.38759689922481,256.0,47.312444885361565,60480.0,30015.916666666664,53.0,43.03333333333333,58464.0,8491.5,,,,49.629491843033506,131.0,60.78333333333333,
0.2333333333333333,0.06666666666666668,116.9,4.283333333333333,14.0,100800.0,7082.199999999998,93627.0,59.0,92.88392857142857,,12.1137794198139,48.19671331743389,11.89516129032258,0.0,0.0,8.870967741935484,31.85483870967742,215.0,32.00928681657849,60480.0,19717.73333333333,44.0,43.01666666666666,58464.0,7082.199999999999,,,,32.60207231040564,158.0,62.26666666666666,
0.45,0.11666666666666667,112.76666666666668,9.35,14.0,60480.0,8602.785999999998,49816.0,8.0,82.36772486772487,,14.714672276956762,63.810430742391006,1.340033500837521,0.0,0.0,0.33500837520938026,3.685092127303183,237.0,18.35805224867725,60480.0,11456.416666666672,2.0,44.01666666666666,58464.0,8602.786,,,,18.942487874779555,22.0,63.6,
0.35,0.1,110.11666666666666,9.133333333333333,14.0,60480.0,10921.966000000002,51427.0,1.0,85.03141534391534,,18.68152367268747,67.66103692444206,0.18450184501845016,0.0,0.0,0.0,0.3690036900369004,298.0,15.101686507936511,60480.0,9190.983333333334,0.0,44.98333333333333,58464.0,10921.966,,,,15.196731701940037,2.0,63.21666666666667,
0.38333333333333336,0.08333333333333333,109.28333333333332,22.9,10.0,60480.0,14991.733999999993,48408.0,0.0,80.03968253968254,,25.64267583470169,94.95808899483806,0.0,0.0,0.0,0.0,0.20618556701030927,400.0,17.79569003527337,60480.0,10904.149999999996,0.0,46.76666666666666,58464.0,14991.733999999999,,,,18.029348544973537,1.0,62.58333333333334,
0.31666666666666665,0.1,117.88333333333334,28.35,10.0,60480.0,16008.803000000007,45644.0,0.0,75.46957671957672,,27.382325875752606,105.29411875226492,0.0,0.0,0.0,0.0,2.477477477477477,443.0,22.03659611992947,60480.0,13454.96666666667,0.0,45.85,58464.0,16008.803,,,,22.246968694885368,11.0,65.86666666666666,
0.4,0.1,120.46666666666668,54.01666666666666,10.0,60480.0,20078.80599999999,45098.0,0.0,74.56679894179894,,34.343879994526546,35.401831025725755,0.0,0.0,0.0,0.0,2.6465028355387523,516.0,30.72059634038799,60480.0,18951.266666666666,0.0,52.01666666666666,58464.0,20078.806,,,,31.33476631393298,14.0,70.28333333333333,
0.38333333333333336,0.1,125.15,66.55,10.0,60480.0,19053.441999999992,45177.0,0.0,74.69742063492063,,32.59004173508484,35.39033884164921,0.0,0.0,0.0,0.0,0.18382352941176472,496.0,33.7821869488536,60480.0,21060.333333333336,0.0,49.65,58464.0,19053.442000000006,,,,34.82197971781305,1.0,67.75,
0.2833333333333333,0.08333333333333333,115.16666666666669,39.9,10.0,60480.0,20529.461000000014,44392.0,59.0,73.3994708994709,,11.7049015918628,32.533041979937636,8.005427408412483,2845.01,0.132486,3.120759837177748,35.41383989145183,597.0,43.635692239858905,60480.0,27202.333333333336,23.0,39.43333333333333,175392.0,20529.461000000007,,,,44.97740299823633,261.0,57.63333333333333,
0.2833333333333333,0.06666666666666668,110.53333333333332,10.183333333333334,10.0,60480.0,19270.432999999983,53260.0,82.0,88.0621693121693,,10.987064974457216,17.72552878770624,11.217510259917919,5088.0,0.253816,4.1039671682626535,33.37893296853625,542.0,41.1503802910053,60480.0,25996.566666666666,30.0,37.61666666666667,175392.0,19270.433,,,,42.98374118165785,244.0,56.26666666666666,
0.3,0.06666666666666668,115.23333333333332,10.516666666666667,10.0,60480.0,18174.616999999995,60480.0,11.0,100.0,,10.362283912607188,14.73535037678776,2.6570048309178738,4891.12,0.25382,0.966183574879227,18.840579710144926,507.0,13.792805702527922,181440.0,25718.483333333344,4.0,38.41666666666666,175392.0,18174.617,,,,14.174649103468552,78.0,58.16666666666666,
0.2333333333333333,0.06666666666666668,110.86666666666666,18.3,6.0,60480.0,18281.031000000006,60480.0,3.0,100.0,,10.42295600711549,8.390785173085751,1.1111111111111112,4860.55,0.253815,0.0,4.814814814814816,485.0,12.06357473544973,181440.0,22472.26666666667,0.0,39.85,175392.0,18281.031000000006,,,,12.385508524397414,13.0,57.01666666666666,
0.2833333333333333,0.08333333333333333,110.5,7.65,6.0,60480.0,16457.86500000001,60274.0,0.0,99.65939153439152,,9.383475301039956,1.0251555220611892,0.0,4324.18,0.254169,0.0,0.9174311926605504,444.0,11.669422398589065,181440.0,21440.55,0.0,38.05,175392.0,16457.865,,,,11.816881613756616,2.0,58.01666666666666,
0.2833333333333333,0.06666666666666668,94.65,7.7666666666666675,6.0,181440.0,19900.043999999987,173452.0,3.0,95.597442680776,,11.346038587848932,2.629214794227408,1.310043668122271,5441.0,0.254705,0.0,3.056768558951965,529.0,11.262088477366259,181440.0,20969.3,0.0,38.833333333333336,175392.0,19900.043999999998,,,,11.557153880070546,7.0,56.6,
0.26666666666666666,0.06666666666666668,115.26666666666668,13.466666666666667,6.0,181440.0,19668.774,181177.0,9.0,99.85504850088185,,11.214179666119325,10.819016832081166,2.5210084033613445,5218.21,0.254696,0.0,11.764705882352946,544.0,10.207681143445033,181440.0,18738.33333333334,0.0,37.03333333333333,175392.0,19668.774,,,,10.327564667842449,42.0,56.88333333333333,
0.38333333333333336,0.05,129.25,80.73333333333333,6.0,181440.0,28443.100000000028,173729.0,22.0,95.7501102292769,,29.19037356321839,8.889554475163575,4.867256637168142,0.0,0.0,0.6637168141592921,13.053097345132745,737.0,12.015147339800114,181440.0,22054.05,3.0,46.9,97440.0,28443.1,,,,12.155009920634921,59.0,64.91666666666667,
0.38333333333333336,0.08333333333333333,134.43333333333334,68.0,6.0,181440.0,29139.899999999965,176987.0,25.0,97.54574514991181,,29.905480295566502,12.210709286963489,4.930966469428007,0.0,0.0,1.5779092702169626,11.242603550295858,731.0,12.310515873015875,181440.0,22743.03333333333,8.0,51.0,97440.0,29139.9,,,,12.534740593768372,57.0,69.36666666666666,
0.4166666666666667,0.08333333333333333,111.73333333333332,68.61666666666666,6.0,181440.0,15575.500000000002,167318.0,34.0,92.21671075837743,,15.984708538587848,26.070646304643287,5.647840531561463,0.0,0.0,1.495016611295681,29.06976744186047,414.0,34.88792989417989,100800.0,37553.08333333333,9.0,47.1,97440.0,15575.499999999998,,,,37.255042989418,175.0,63.21666666666667,
0.5333333333333333,0.11666666666666667,93.16666666666669,43.4,6.0,181440.0,9860.600000000004,158323.0,64.0,87.25914902998238,,10.11966338259442,35.260010384105094,9.953343701399687,0.0,0.0,2.332814930015552,30.171073094867808,270.0,36.716203703703705,100800.0,39273.25,15.0,44.5,97440.0,9860.6,,,,38.96155753968254,194.0,59.56666666666667,
0.4,0.1,87.13333333333334,13.816666666666665,6.0,181440.0,8202.199999999999,167545.0,67.0,92.3418209876543,,8.417692939244665,36.995514107590495,10.06006006006006,0.0,0.0,3.603603603603603,30.630630630630627,218.0,19.389269179894182,100800.0,20797.21666666668,24.0,41.93333333333333,97440.0,8202.2,,,,20.632159391534408,204.0,56.78333333333333,
0.5166666666666667,0.11666666666666667,107.36666666666666,27.48333333333333,6.0,100800.0,8956.443000000008,100800.0,,100.0,,9.191751847290641,43.456636559463604,,0.0,0.0,,,229.0,12.046792328042324,100800.0,12559.450000000004,,43.2,97440.0,8956.443000000001,,,,12.459771825396832,,59.3,
0.3666666666666665,0.1,116.7,30.566666666666666,6.0,100800.0,13590.354999999998,100800.0,,100.0,,13.947408661740555,61.35305512436162,,0.0,0.0,,,357.0,9.125066137566137,100800.0,9360.716666666664,,43.13333333333333,97440.0,13590.354999999998,,,,9.286425264550264,,59.41666666666666,
0.5166666666666667,0.1,102.25,64.3,18.0,100800.0,17656.82200000002,100800.0,,100.0,,18.12071223316913,64.64345330006283,,0.0,0.0,,,452.0,10.110714285714282,100800.0,10525.633333333333,,44.58333333333334,97440.0,17656.822,,,,10.44209656084656,,59.63333333333333,
0.55,0.1,106.21666666666668,58.11666666666667,18.0,100800.0,18746.596999999983,100800.0,,100.0,,19.2391184318555,1.2218018518886729,,0.0,0.0,,,507.0,15.76957671957672,100800.0,16380.183333333334,,42.78333333333333,97440.0,18746.596999999998,,,,16.25018187830688,,59.68333333333333,
0.5333333333333333,0.1,106.33333333333331,60.48333333333333,18.0,100800.0,21801.805000000004,100800.0,,100.0,,22.374594622331696,3.4608893512047185,,131.47,0.258291,,,602.0,20.152645502645512,100800.0,21299.14999999999,,44.08333333333334,97440.0,21801.805000000004,,,,21.13010912698412,,60.7,
0.4166666666666667,0.08333333333333333,104.86666666666666,105.38333333333334,18.0,100800.0,23227.65,100800.0,,100.0,,23.837900246305427,15.153856111066705,,446.6,0.2583,,,643.0,21.81939484126984,100800.0,23451.099999999995,,45.05,97440.0,23227.65,,,,23.264980158730154,,62.51666666666666,
0.5,0.08333333333333333,109.36666666666666,125.53333333333332,18.0,100800.0,24371.06700000001,100800.0,,100.0,,25.01135775862069,7.884841915628605,,681.15,0.258305,,,666.0,26.56916335978835,100800.0,28604.88333333333,,44.58333333333334,97440.0,24371.067000000006,,,,28.37786044973545,,62.61666666666667,
900.7833333333333,0.9166666666666666,94.63333333333334,912.5166666666668,18.0,100800.0,422.8,100800.0,,100.0,,1.0124521072796937,7.5596448871569635,,274.05,0.258294,,,8.0,28.82741402116402,100800.0,31624.75000000001,,57.68333333333333,41760.0,422.8,,,,31.373759920634928,,87.23333333333332,
0.4833333333333333,0.11666666666666667,173.91666666666663,2.15,18.0,100800.0,1696.2000000000005,100800.0,,100.0,,3.3848180076628345,4.303353234314125,,513.52,0.25831,,,30.0,30.08501984126984,100800.0,33324.68333333333,,60.4,50112.0,1696.1999999999994,,,,33.060201719576725,,82.63333333333334,
0.3333333333333333,0.06666666666666668,129.55,100.78333333333332,10.0,100800.0,6786.299999999997,100513.0,,99.71527777777777,,34.82296798029556,3.648563261608704,,130.97,0.089338,,,183.0,0.8703428130511465,60480.0,2419.0,,44.35,19488.0,6786.299999999997,,,,3.999669312169312,,66.66666666666667,
0.4166666666666667,0.1,144.31666666666666,14.733333333333333,10.0,100800.0,2549.8,99785.0,,98.99305555555556,,11.448455459770114,,,0.0,0.0,,,63.0,3.370866402116401,60480.0,2048.6833333333325,,49.01666666666666,22272.0,2549.8,,,,3.3873732363315683,,74.7,
0.38333333333333336,0.1,101.51666666666668,29.0,10.0,100800.0,4620.999999999998,100353.0,,99.55654761904762,,11.85601395730706,,,,,,,133.0,25.586197408574723,0.0,9090.449999999997,,43.0,38976.0,4621.0,,,,25.987167942368302,,61.4,
0.43333333333333335,0.08333333333333333,95.11666666666666,37.48333333333333,10.0,60480.0,3566.8,60480.0,,100.0,,9.151272577996716,,,,,,,102.0,30.31572420634921,13326.0,3463.0499999999993,,43.66666666666666,38976.0,3566.8,,,,31.07291666666667,,58.16666666666666,
0.5166666666666667,0.1,98.66666666666669,7.316666666666666,10.0,60480.0,2366.900000000001,60480.0,,100.0,,7.084829980842912,,,,,,,70.0,23.105902777777768,20160.0,6264.300000000001,,40.38333333333333,33408.0,2366.9,,,,23.82333002645502,,50.6,
,,,,10.0,0.0,,0.0,,100.0,,,,,,,,,,14.491898148148149,20160.0,4802.783333333333,,,,,,,,14.641865079365079,,,
,,,,10.0,13326.0,,13326.0,,100.0,,,,,,,,,,,20160.0,2951.8,,,,,,,,,,,
,,,,10.0,20160.0,,20160.0,,100.0,,,,,,,,,,,,,,,,,,,,,,,
,,,,10.0,20160.0,,20160.0,,100.0,,,,,,,,,,,,,,,,,,,,,,,
,,,,10.0,20160.0,,20160.0,,,,,,,,,,,,,,,,,,,,,,,,,
,,,,10.0,,,,,,,,,,,,,,,,,,,,,,,,,,,,
,,,,10.0,,,,,,,,,,,,,,,,,,,,,,,,,,,,
,,,,10.0,,,,,,,,,,,,,,,,,,,,,,,,,,,,
,,,,6.0,,,,,,,,,,,,,,,,,,,,,,,,,,,,
,,,,6.0,,,,,,,,,,,,,,,,,,,,,,,,,,,,
,,,,0.0,,,,,,,,,,,,,,,,,,,,,,,,,,,,
,,,,2.0,,,,,,,,,,,,,,,,,,,,,,,,,,,,
,,,,2.0,,,,,,,,,,,,,,,,,,,,,,,,,,,,
,,,,2.0,,,,,,,,,,,,,,,,,,,,,,,,,,,,
,,,,2.0,,,,,,,,,,,,,,,,,,,,,,,,,,,,
